epoch,clf_loss,aigu_auc,ffpp_auc,combined_auc,lr,time_sec,hnm_active
1,0.938679,0.951179,0.594510,0.751988,0.00002778,3589.0,0
2,0.699312,0.975270,0.760880,0.861431,0.00003889,3578.9,0
3,0.571303,0.985788,0.858132,0.919748,0.00005000,3347.8,0
